problem_id,a1,d,g,u
Q6,32.43855194017446,-17.637717543694183,0.3627675472202224,1
Q7,3.0840962217981236,0.2616640932706913,1.3179923523130906e-4,1
Q8,10.642059116284681,5.133949536851681,0.06691474015123504,1
Q9,17.119363384459245,-10.149763052490876,0.1753334690164752,1
Q10,1.042435765902921,-3.3869048128392136,2.546134820686199e-6,1
