problem_id,a1,d,g,u
Q1,0.7514681291339625,3.367285800739826,0.0012768754317171417,1
Q2,60.25466594158884,30.74775603397571,0.7334706728835488,1
Q3,48.2295855623937,22.2409261657464,0.5388562408173446,1
Q4,29.894519556188357,17.506778868923302,0.34507098583944446,1
Q5,11.131409996844694,10.454446973125346,5.477689584800146e-4,1
