problem_id,a1,d,g,u
Q11,1.953418307087767,3.2866110864171323,0.0037397835968063864,1
Q12,22.78244238192577,18.3255280813145,4.585938602635858e-5,1
Q13,2.47803661625497,0.7394474666142401,0.4777899856995451,1
Q14,-0.3814688688882403,-0.8762295048813985,1.7264967009202425e-4,1
Q15,11.915163368726606,-17.04129926828055,4.494322165321384e-6,1
